Algorithm,Size,Time_ms,Comparisons,Sorted
MSD_Radix_Nearly,100,0.1274,0,yes
MSD_Radix_Nearly,200,0.2326,0,yes
MSD_Radix_Nearly,300,0.3314,0,yes
MSD_Radix_Nearly,400,0.4154,0,yes
MSD_Radix_Nearly,500,0.5558,0,yes
MSD_Radix_Nearly,600,0.61,0,yes
MSD_Radix_Nearly,700,0.7464,0,yes
MSD_Radix_Nearly,800,0.8764,0,yes
MSD_Radix_Nearly,900,0.9908,0,yes
MSD_Radix_Nearly,1000,1.0686,0,yes
MSD_Radix_Nearly,1100,1.1698,0,yes
MSD_Radix_Nearly,1200,1.3196,0,yes
MSD_Radix_Nearly,1300,1.3854,0,yes
MSD_Radix_Nearly,1400,1.5466,0,yes
MSD_Radix_Nearly,1500,1.6378,0,yes
MSD_Radix_Nearly,1600,1.7312,0,yes
MSD_Radix_Nearly,1700,1.8286,0,yes
MSD_Radix_Nearly,1800,1.9186,0,yes
MSD_Radix_Nearly,1900,2.0026,0,yes
MSD_Radix_Nearly,2000,2.1616,0,yes
MSD_Radix_Nearly,2100,2.2322,0,yes
MSD_Radix_Nearly,2200,2.3464,0,yes
MSD_Radix_Nearly,2300,2.4508,0,yes
MSD_Radix_Nearly,2400,2.542,0,yes
MSD_Radix_Nearly,2500,2.636,0,yes
MSD_Radix_Nearly,2600,2.8192,0,yes
MSD_Radix_Nearly,2700,2.9016,0,yes
MSD_Radix_Nearly,2800,2.9872,0,yes
MSD_Radix_Nearly,2900,3.1042,0,yes
MSD_Radix_Nearly,3000,3.217,0,yes
MSD_Radix_QS_Nearly,100,0.0376,283,yes
MSD_Radix_QS_Nearly,200,0.071,612,yes
MSD_Radix_QS_Nearly,300,0.0962,670,yes
MSD_Radix_QS_Nearly,400,0.1234,849,yes
MSD_Radix_QS_Nearly,500,0.1652,1084,yes
MSD_Radix_QS_Nearly,600,0.1846,1303,yes
MSD_Radix_QS_Nearly,700,0.2136,1496,yes
MSD_Radix_QS_Nearly,800,0.2632,1680,yes
MSD_Radix_QS_Nearly,900,0.2732,1877,yes
MSD_Radix_QS_Nearly,1000,0.3058,2106,yes
MSD_Radix_QS_Nearly,1100,0.3502,2271,yes
MSD_Radix_QS_Nearly,1200,0.3956,2530,yes
MSD_Radix_QS_Nearly,1300,0.4202,2735,yes
MSD_Radix_QS_Nearly,1400,0.458,2895,yes
MSD_Radix_QS_Nearly,1500,0.4966,3098,yes
MSD_Radix_QS_Nearly,1600,0.5198,3317,yes
MSD_Radix_QS_Nearly,1700,0.5502,3477,yes
MSD_Radix_QS_Nearly,1800,0.5828,3664,yes
MSD_Radix_QS_Nearly,1900,0.603,3847,yes
MSD_Radix_QS_Nearly,2000,0.6244,4041,yes
MSD_Radix_QS_Nearly,2100,0.6926,4219,yes
MSD_Radix_QS_Nearly,2200,0.7038,4414,yes
MSD_Radix_QS_Nearly,2300,0.7288,4584,yes
MSD_Radix_QS_Nearly,2400,0.7762,4771,yes
MSD_Radix_QS_Nearly,2500,0.8018,4933,yes
MSD_Radix_QS_Nearly,2600,0.87,5129,yes
MSD_Radix_QS_Nearly,2700,0.8522,5343,yes
MSD_Radix_QS_Nearly,2800,0.8992,5503,yes
MSD_Radix_QS_Nearly,2900,0.9404,5695,yes
MSD_Radix_QS_Nearly,3000,0.9576,5854,yes
MSD_Radix_QS_Random,100,0.0326,171,yes
MSD_Radix_QS_Random,200,0.0642,428,yes
MSD_Radix_QS_Random,300,0.0652,134,yes
MSD_Radix_QS_Random,400,0.0724,217,yes
MSD_Radix_QS_Random,500,0.1158,309,yes
MSD_Radix_QS_Random,600,0.1352,419,yes
MSD_Radix_QS_Random,700,0.1568,535,yes
MSD_Radix_QS_Random,800,0.1786,671,yes
MSD_Radix_QS_Random,900,0.2112,802,yes
MSD_Radix_QS_Random,1000,0.2244,927,yes
MSD_Radix_QS_Random,1100,0.2716,1067,yes
MSD_Radix_QS_Random,1200,0.3018,1224,yes
MSD_Radix_QS_Random,1300,0.3408,1355,yes
MSD_Radix_QS_Random,1400,0.355,1515,yes
MSD_Radix_QS_Random,1500,0.3636,1661,yes
MSD_Radix_QS_Random,1600,0.4232,1847,yes
MSD_Radix_QS_Random,1700,0.4514,1969,yes
MSD_Radix_QS_Random,1800,0.491,2168,yes
MSD_Radix_QS_Random,1900,0.5302,2409,yes
MSD_Radix_QS_Random,2000,0.5622,2570,yes
MSD_Radix_QS_Random,2100,0.5864,2689,yes
MSD_Radix_QS_Random,2200,0.6246,2834,yes
MSD_Radix_QS_Random,2300,0.6616,3067,yes
MSD_Radix_QS_Random,2400,0.6932,3246,yes
MSD_Radix_QS_Random,2500,0.7278,3446,yes
MSD_Radix_QS_Random,2600,0.7702,3657,yes
MSD_Radix_QS_Random,2700,0.8036,3818,yes
MSD_Radix_QS_Random,2800,0.829,4008,yes
MSD_Radix_QS_Random,2900,0.8698,4238,yes
MSD_Radix_QS_Random,3000,0.9558,4428,yes
MSD_Radix_QS_Reverse,100,0.0478,262,yes
MSD_Radix_QS_Reverse,200,0.1328,778,yes
MSD_Radix_QS_Reverse,300,0.179,926,yes
MSD_Radix_QS_Reverse,400,0.2454,1304,yes
MSD_Radix_QS_Reverse,500,0.3204,1617,yes
MSD_Radix_QS_Reverse,600,0.3852,1954,yes
MSD_Radix_QS_Reverse,700,0.4538,2278,yes
MSD_Radix_QS_Reverse,800,0.4608,2536,yes
MSD_Radix_QS_Reverse,900,0.5354,2872,yes
MSD_Radix_QS_Reverse,1000,0.6356,3159,yes
MSD_Radix_QS_Reverse,1100,0.69,3487,yes
MSD_Radix_QS_Reverse,1200,0.7404,3785,yes
MSD_Radix_QS_Reverse,1300,0.78,4092,yes
MSD_Radix_QS_Reverse,1400,0.8466,4407,yes
MSD_Radix_QS_Reverse,1500,0.8836,4719,yes
MSD_Radix_QS_Reverse,1600,0.9948,5040,yes
MSD_Radix_QS_Reverse,1700,1.0502,5332,yes
MSD_Radix_QS_Reverse,1800,1.083,5700,yes
MSD_Radix_QS_Reverse,1900,1.1162,6015,yes
MSD_Radix_QS_Reverse,2000,1.2582,6343,yes
MSD_Radix_QS_Reverse,2100,1.2762,6678,yes
MSD_Radix_QS_Reverse,2200,1.3772,7056,yes
MSD_Radix_QS_Reverse,2300,1.4554,7394,yes
MSD_Radix_QS_Reverse,2400,1.463,7721,yes
MSD_Radix_QS_Reverse,2500,1.5744,8097,yes
MSD_Radix_QS_Reverse,2600,1.5966,8406,yes
MSD_Radix_QS_Reverse,2700,1.687,8737,yes
MSD_Radix_QS_Reverse,2800,1.7464,9023,yes
MSD_Radix_QS_Reverse,2900,1.7846,9385,yes
MSD_Radix_QS_Reverse,3000,1.8992,9776,yes
MSD_Radix_Random,100,0.1984,0,yes
MSD_Radix_Random,200,0.3366,0,yes
MSD_Radix_Random,300,0.3616,0,yes
MSD_Radix_Random,400,0.3818,0,yes
MSD_Radix_Random,500,0.4476,0,yes
MSD_Radix_Random,600,0.51,0,yes
MSD_Radix_Random,700,0.5794,0,yes
MSD_Radix_Random,800,0.6936,0,yes
MSD_Radix_Random,900,0.7684,0,yes
MSD_Radix_Random,1000,0.8594,0,yes
MSD_Radix_Random,1100,0.9108,0,yes
MSD_Radix_Random,1200,1.0612,0,yes
MSD_Radix_Random,1300,1.104,0,yes
MSD_Radix_Random,1400,1.2202,0,yes
MSD_Radix_Random,1500,1.3434,0,yes
MSD_Radix_Random,1600,1.4884,0,yes
MSD_Radix_Random,1700,1.5726,0,yes
MSD_Radix_Random,1800,1.6456,0,yes
MSD_Radix_Random,1900,1.7484,0,yes
MSD_Radix_Random,2000,1.8498,0,yes
MSD_Radix_Random,2100,1.9926,0,yes
MSD_Radix_Random,2200,2.1362,0,yes
MSD_Radix_Random,2300,2.2858,0,yes
MSD_Radix_Random,2400,2.3932,0,yes
MSD_Radix_Random,2500,2.5628,0,yes
MSD_Radix_Random,2600,2.6622,0,yes
MSD_Radix_Random,2700,2.8696,0,yes
MSD_Radix_Random,2800,2.9344,0,yes
MSD_Radix_Random,2900,3.0684,0,yes
MSD_Radix_Random,3000,3.2076,0,yes
MSD_Radix_Reverse,100,0.1088,0,yes
MSD_Radix_Reverse,200,0.2184,0,yes
MSD_Radix_Reverse,300,0.288,0,yes
MSD_Radix_Reverse,400,0.3764,0,yes
MSD_Radix_Reverse,500,0.534,0,yes
MSD_Radix_Reverse,600,0.6394,0,yes
MSD_Radix_Reverse,700,0.7262,0,yes
MSD_Radix_Reverse,800,0.82,0,yes
MSD_Radix_Reverse,900,0.908,0,yes
MSD_Radix_Reverse,1000,1.0634,0,yes
MSD_Radix_Reverse,1100,1.1722,0,yes
MSD_Radix_Reverse,1200,1.2446,0,yes
MSD_Radix_Reverse,1300,1.3106,0,yes
MSD_Radix_Reverse,1400,1.4594,0,yes
MSD_Radix_Reverse,1500,1.571,0,yes
MSD_Radix_Reverse,1600,1.6504,0,yes
MSD_Radix_Reverse,1700,1.7286,0,yes
MSD_Radix_Reverse,1800,1.883,0,yes
MSD_Radix_Reverse,1900,1.9758,0,yes
MSD_Radix_Reverse,2000,2.0308,0,yes
MSD_Radix_Reverse,2100,2.2264,0,yes
MSD_Radix_Reverse,2200,2.2978,0,yes
MSD_Radix_Reverse,2300,2.4298,0,yes
MSD_Radix_Reverse,2400,2.5574,0,yes
MSD_Radix_Reverse,2500,2.6976,0,yes
MSD_Radix_Reverse,2600,2.7706,0,yes
MSD_Radix_Reverse,2700,2.8988,0,yes
MSD_Radix_Reverse,2800,3.016,0,yes
MSD_Radix_Reverse,2900,3.1518,0,yes
MSD_Radix_Reverse,3000,3.2394,0,yes
MergeSort_Nearly,100,0.132,769,yes
MergeSort_Nearly,200,0.2884,1812,yes
MergeSort_Nearly,300,0.3754,2836,yes
MergeSort_Nearly,400,0.5164,4007,yes
MergeSort_Nearly,500,0.6522,5145,yes
MergeSort_Nearly,600,0.8562,6499,yes
MergeSort_Nearly,700,0.9848,7854,yes
MergeSort_Nearly,800,1.2182,9084,yes
MergeSort_Nearly,900,1.3852,10280,yes
MergeSort_Nearly,1000,1.5516,11486,yes
MergeSort_Nearly,1100,1.742,12836,yes
MergeSort_Nearly,1200,1.8576,14391,yes
MergeSort_Nearly,1300,2.0448,15815,yes
MergeSort_Nearly,1400,2.2994,17386,yes
MergeSort_Nearly,1500,2.488,18904,yes
MergeSort_Nearly,1600,2.6452,20065,yes
MergeSort_Nearly,1700,2.8786,21874,yes
MergeSort_Nearly,1800,3.0002,22893,yes
MergeSort_Nearly,1900,3.2374,24390,yes
MergeSort_Nearly,2000,3.3878,25652,yes
MergeSort_Nearly,2100,3.573,27152,yes
MergeSort_Nearly,2200,3.7964,28752,yes
MergeSort_Nearly,2300,4.0176,30467,yes
MergeSort_Nearly,2400,4.1806,32173,yes
MergeSort_Nearly,2500,4.5046,33886,yes
MergeSort_Nearly,2600,4.7042,35575,yes
MergeSort_Nearly,2700,4.925,37500,yes
MergeSort_Nearly,2800,5.0664,38700,yes
MergeSort_Nearly,2900,5.3366,40077,yes
MergeSort_Nearly,3000,5.8106,41688,yes
MergeSort_Random,100,0.1516,589,yes
MergeSort_Random,200,0.3146,1480,yes
MergeSort_Random,300,0.4428,2523,yes
MergeSort_Random,400,0.5494,3650,yes
MergeSort_Random,500,0.716,4852,yes
MergeSort_Random,600,0.9312,6119,yes
MergeSort_Random,700,1.1022,7415,yes
MergeSort_Random,800,1.2968,8816,yes
MergeSort_Random,900,1.491,10170,yes
MergeSort_Random,1000,1.7234,11628,yes
MergeSort_Random,1100,1.8506,13118,yes
MergeSort_Random,1200,2.045,14550,yes
MergeSort_Random,1300,2.2172,16068,yes
MergeSort_Random,1400,2.5138,17576,yes
MergeSort_Random,1500,2.6908,19137,yes
MergeSort_Random,1600,2.8546,20803,yes
MergeSort_Random,1700,3.0222,22351,yes
MergeSort_Random,1800,3.2328,23944,yes
MergeSort_Random,1900,3.4416,25616,yes
MergeSort_Random,2000,3.661,27256,yes
MergeSort_Random,2100,3.8916,28921,yes
MergeSort_Random,2200,4.1172,30631,yes
MergeSort_Random,2300,4.3748,32330,yes
MergeSort_Random,2400,4.5054,34034,yes
MergeSort_Random,2500,4.7964,35684,yes
MergeSort_Random,2600,4.9702,37489,yes
MergeSort_Random,2700,5.2666,39204,yes
MergeSort_Random,2800,5.5372,40965,yes
MergeSort_Random,2900,5.6896,42725,yes
MergeSort_Random,3000,6.0592,44519,yes
MergeSort_Reverse,100,0.1268,595,yes
MergeSort_Reverse,200,0.2502,1303,yes
MergeSort_Reverse,300,0.3738,2027,yes
MergeSort_Reverse,400,0.4708,2851,yes
MergeSort_Reverse,500,0.5944,3761,yes
MergeSort_Reverse,600,0.7474,4430,yes
MergeSort_Reverse,700,0.931,5266,yes
MergeSort_Reverse,800,1.072,6103,yes
MergeSort_Reverse,900,1.2532,7040,yes
MergeSort_Reverse,1000,1.368,7995,yes
MergeSort_Reverse,1100,1.5808,8754,yes
MergeSort_Reverse,1200,1.745,9423,yes
MergeSort_Reverse,1300,1.948,10343,yes
MergeSort_Reverse,1400,2.0046,11155,yes
MergeSort_Reverse,1500,2.2416,12136,yes
MergeSort_Reverse,1600,2.3386,13001,yes
MergeSort_Reverse,1700,2.4772,13876,yes
MergeSort_Reverse,1800,2.7238,14955,yes
MergeSort_Reverse,1900,2.8882,15842,yes
MergeSort_Reverse,2000,2.9458,17016,yes
MergeSort_Reverse,2100,3.1386,17864,yes
MergeSort_Reverse,2200,3.2954,18625,yes
MergeSort_Reverse,2300,3.4804,19303,yes
MergeSort_Reverse,2400,3.6944,20091,yes
MergeSort_Reverse,2500,3.905,21025,yes
MergeSort_Reverse,2600,4.074,22048,yes
MergeSort_Reverse,2700,4.2846,22911,yes
MergeSort_Reverse,2800,4.3896,23829,yes
MergeSort_Reverse,2900,4.5406,24719,yes
MergeSort_Reverse,3000,6.7186,25881,yes
QuickSort_Nearly,100,0.0664,1198,yes
QuickSort_Nearly,200,0.1414,2769,yes
QuickSort_Nearly,300,0.2168,4753,yes
QuickSort_Nearly,400,0.2534,5712,yes
QuickSort_Nearly,500,0.3588,7679,yes
QuickSort_Nearly,600,0.4168,8871,yes
QuickSort_Nearly,700,0.5162,10956,yes
QuickSort_Nearly,800,0.5804,12802,yes
QuickSort_Nearly,900,0.683,14099,yes
QuickSort_Nearly,1000,0.7842,15990,yes
QuickSort_Nearly,1100,0.8376,17282,yes
QuickSort_Nearly,1200,0.9804,20549,yes
QuickSort_Nearly,1300,1.1006,22976,yes
QuickSort_Nearly,1400,1.0672,23307,yes
QuickSort_Nearly,1500,1.2672,26284,yes
QuickSort_Nearly,1600,1.3136,27279,yes
QuickSort_Nearly,1700,1.418,29558,yes
QuickSort_Nearly,1800,1.4972,31226,yes
QuickSort_Nearly,1900,1.6342,34054,yes
QuickSort_Nearly,2000,1.8506,39273,yes
QuickSort_Nearly,2100,1.8856,40413,yes
QuickSort_Nearly,2200,1.8748,39308,yes
QuickSort_Nearly,2300,1.9866,42691,yes
QuickSort_Nearly,2400,2.0724,44190,yes
QuickSort_Nearly,2500,2.2426,46131,yes
QuickSort_Nearly,2600,2.2272,47615,yes
QuickSort_Nearly,2700,2.4498,51345,yes
QuickSort_Nearly,2800,2.5584,54173,yes
QuickSort_Nearly,2900,2.7224,57557,yes
QuickSort_Nearly,3000,1.7092,37593,yes
QuickSort_Random,100,0.0714,780,yes
QuickSort_Random,200,0.1448,1966,yes
QuickSort_Random,300,0.2102,3219,yes
QuickSort_Random,400,0.2806,4837,yes
QuickSort_Random,500,0.3542,6235,yes
QuickSort_Random,600,0.4622,8214,yes
QuickSort_Random,700,0.5188,9475,yes
QuickSort_Random,800,0.641,11483,yes
QuickSort_Random,900,0.7214,13123,yes
QuickSort_Random,1000,0.8254,15376,yes
QuickSort_Random,1100,0.9296,17049,yes
QuickSort_Random,1200,1.1018,19852,yes
QuickSort_Random,1300,1.1328,20814,yes
QuickSort_Random,1400,1.2848,23374,yes
QuickSort_Random,1500,1.3112,25335,yes
QuickSort_Random,1600,1.4568,26870,yes
QuickSort_Random,1700,1.6016,30427,yes
QuickSort_Random,1800,1.6644,31285,yes
QuickSort_Random,1900,1.784,33567,yes
QuickSort_Random,2000,1.932,36772,yes
QuickSort_Random,2100,1.9888,38184,yes
QuickSort_Random,2200,2.076,40607,yes
QuickSort_Random,2300,2.1594,41871,yes
QuickSort_Random,2400,2.3746,44667,yes
QuickSort_Random,2500,2.4028,46718,yes
QuickSort_Random,2600,2.4752,48957,yes
QuickSort_Random,2700,2.653,51311,yes
QuickSort_Random,2800,2.7586,54370,yes
QuickSort_Random,2900,2.8268,55909,yes
QuickSort_Random,3000,2.917,57735,yes
QuickSort_Reverse,100,0.0256,518,yes
QuickSort_Reverse,200,0.0444,963,yes
QuickSort_Reverse,300,0.0662,1409,yes
QuickSort_Reverse,400,0.0686,1816,yes
QuickSort_Reverse,500,0.0836,2255,yes
QuickSort_Reverse,600,0.101,2668,yes
QuickSort_Reverse,700,0.1242,3109,yes
QuickSort_Reverse,800,0.139,3506,yes
QuickSort_Reverse,900,0.1616,3936,yes
QuickSort_Reverse,1000,0.1738,4326,yes
QuickSort_Reverse,1100,0.2006,4761,yes
QuickSort_Reverse,1200,0.2004,5173,yes
QuickSort_Reverse,1300,0.2442,5631,yes
QuickSort_Reverse,1400,0.2446,6040,yes
QuickSort_Reverse,1500,0.264,6437,yes
QuickSort_Reverse,1600,0.2642,6855,yes
QuickSort_Reverse,1700,0.3028,7293,yes
QuickSort_Reverse,1800,0.314,7731,yes
QuickSort_Reverse,1900,0.3308,8135,yes
QuickSort_Reverse,2000,0.3444,8551,yes
QuickSort_Reverse,2100,0.3682,8986,yes
QuickSort_Reverse,2200,0.3502,9400,yes
QuickSort_Reverse,2300,0.3966,9843,yes
QuickSort_Reverse,2400,0.3968,10225,yes
QuickSort_Reverse,2500,0.443,10677,yes
QuickSort_Reverse,2600,0.4494,11083,yes
QuickSort_Reverse,2700,0.4632,11512,yes
QuickSort_Reverse,2800,0.481,11931,yes
QuickSort_Reverse,2900,0.511,12349,yes
QuickSort_Reverse,3000,0.5198,12768,yes
StrMerge_Nearly,100,0.1524,1598,yes
StrMerge_Nearly,200,0.309,3930,yes
StrMerge_Nearly,300,0.4438,6269,yes
StrMerge_Nearly,400,0.6526,8895,yes
StrMerge_Nearly,500,0.7878,11595,yes
StrMerge_Nearly,600,1.0396,14601,yes
StrMerge_Nearly,700,1.2574,17901,yes
StrMerge_Nearly,800,1.372,20638,yes
StrMerge_Nearly,900,1.6546,23699,yes
StrMerge_Nearly,1000,1.7996,26464,yes
StrMerge_Nearly,1100,2.0702,29559,yes
StrMerge_Nearly,1200,2.3536,33090,yes
StrMerge_Nearly,1300,2.4964,36632,yes
StrMerge_Nearly,1400,2.7964,40093,yes
StrMerge_Nearly,1500,3.0098,43297,yes
StrMerge_Nearly,1600,3.2788,45925,yes
StrMerge_Nearly,1700,3.4596,50082,yes
StrMerge_Nearly,1800,3.6702,52464,yes
StrMerge_Nearly,1900,3.8692,55947,yes
StrMerge_Nearly,2000,4.0556,58783,yes
StrMerge_Nearly,2100,4.381,62010,yes
StrMerge_Nearly,2200,4.6002,65945,yes
StrMerge_Nearly,2300,4.8226,69873,yes
StrMerge_Nearly,2400,5.0946,73356,yes
StrMerge_Nearly,2500,5.2962,77023,yes
StrMerge_Nearly,2600,5.6858,80667,yes
StrMerge_Nearly,2700,5.9558,84618,yes
StrMerge_Nearly,2800,6.116,87551,yes
StrMerge_Nearly,2900,6.2886,90265,yes
StrMerge_Nearly,3000,6.6274,93095,yes
StrMerge_Random,100,0.1606,1064,yes
StrMerge_Random,200,0.3264,2707,yes
StrMerge_Random,300,0.4932,4659,yes
StrMerge_Random,400,0.637,6710,yes
StrMerge_Random,500,0.7876,8877,yes
StrMerge_Random,600,0.9966,11208,yes
StrMerge_Random,700,1.2416,13485,yes
StrMerge_Random,800,1.36,16031,yes
StrMerge_Random,900,1.7322,18422,yes
StrMerge_Random,1000,1.8452,20972,yes
StrMerge_Random,1100,2.0816,23670,yes
StrMerge_Random,1200,2.509,26214,yes
StrMerge_Random,1300,2.5386,28865,yes
StrMerge_Random,1400,2.8038,31494,yes
StrMerge_Random,1500,3.0442,34292,yes
StrMerge_Random,1600,3.2322,37149,yes
StrMerge_Random,1700,3.499,39929,yes
StrMerge_Random,1800,3.7036,42676,yes
StrMerge_Random,1900,3.9042,45609,yes
StrMerge_Random,2000,4.137,48452,yes
StrMerge_Random,2100,4.3396,51392,yes
StrMerge_Random,2200,4.5912,54353,yes
StrMerge_Random,2300,4.8622,57353,yes
StrMerge_Random,2400,5.1188,60274,yes
StrMerge_Random,2500,5.6322,63167,yes
StrMerge_Random,2600,5.596,66262,yes
StrMerge_Random,2700,5.974,69293,yes
StrMerge_Random,2800,6.1352,72303,yes
StrMerge_Random,2900,6.4342,75482,yes
StrMerge_Random,3000,6.6614,78527,yes
StrMerge_Reverse,100,0.1506,1061,yes
StrMerge_Reverse,200,0.2826,2470,yes
StrMerge_Reverse,300,0.4146,3950,yes
StrMerge_Reverse,400,0.5728,5632,yes
StrMerge_Reverse,500,0.7154,7565,yes
StrMerge_Reverse,600,0.9044,9001,yes
StrMerge_Reverse,700,1.0394,10704,yes
StrMerge_Reverse,800,1.2378,12542,yes
StrMerge_Reverse,900,1.3998,14505,yes
StrMerge_Reverse,1000,1.6002,16637,yes
StrMerge_Reverse,1100,1.7568,18281,yes
StrMerge_Reverse,1200,2,19825,yes
StrMerge_Reverse,1300,2.2184,21765,yes
StrMerge_Reverse,1400,2.3214,23593,yes
StrMerge_Reverse,1500,2.5578,25686,yes
StrMerge_Reverse,1600,2.6916,27646,yes
StrMerge_Reverse,1700,2.8406,29595,yes
StrMerge_Reverse,1800,3.0698,31945,yes
StrMerge_Reverse,1900,3.218,34022,yes
StrMerge_Reverse,2000,3.4568,36545,yes
StrMerge_Reverse,2100,3.6594,38513,yes
StrMerge_Reverse,2200,3.8498,40104,yes
StrMerge_Reverse,2300,4.0548,41893,yes
StrMerge_Reverse,2400,4.256,43618,yes
StrMerge_Reverse,2500,4.5314,45648,yes
StrMerge_Reverse,2600,4.645,47811,yes
StrMerge_Reverse,2700,4.9164,49723,yes
StrMerge_Reverse,2800,5.068,51836,yes
StrMerge_Reverse,2900,5.3048,53954,yes
StrMerge_Reverse,3000,5.4902,56472,yes
TernarQS_Nearly,100,0.0362,1416,yes
TernarQS_Nearly,200,0.0708,3062,yes
TernarQS_Nearly,300,0.1118,5407,yes
TernarQS_Nearly,400,0.1708,8238,yes
TernarQS_Nearly,500,0.2144,10760,yes
TernarQS_Nearly,600,0.2978,14245,yes
TernarQS_Nearly,700,0.3638,19035,yes
TernarQS_Nearly,800,0.4442,22687,yes
TernarQS_Nearly,900,0.5564,26703,yes
TernarQS_Nearly,1000,0.5748,29546,yes
TernarQS_Nearly,1100,0.6416,31400,yes
TernarQS_Nearly,1200,0.687,33160,yes
TernarQS_Nearly,1300,0.7572,35915,yes
TernarQS_Nearly,1400,0.653,29944,yes
TernarQS_Nearly,1500,0.742,33744,yes
TernarQS_Nearly,1600,0.8082,37530,yes
TernarQS_Nearly,1700,0.9172,43691,yes
TernarQS_Nearly,1800,0.9352,44681,yes
TernarQS_Nearly,1900,1.0564,50363,yes
TernarQS_Nearly,2000,1.1734,56939,yes
TernarQS_Nearly,2100,1.335,66184,yes
TernarQS_Nearly,2200,1.3614,65990,yes
TernarQS_Nearly,2300,2.6676,145613,yes
TernarQS_Nearly,2400,1.454,68010,yes
TernarQS_Nearly,2500,1.9442,101071,yes
TernarQS_Nearly,2600,3.1378,106736,yes
TernarQS_Nearly,2700,3.3036,179033,yes
TernarQS_Nearly,2800,2.7554,150152,yes
TernarQS_Nearly,2900,3.3098,182297,yes
TernarQS_Nearly,3000,3.9912,215831,yes
TernarQS_Random,100,0.0316,859,yes
TernarQS_Random,200,0.0634,2141,yes
TernarQS_Random,300,0.0944,3670,yes
TernarQS_Random,400,0.112,4652,yes
TernarQS_Random,500,0.1666,6366,yes
TernarQS_Random,600,0.199,8010,yes
TernarQS_Random,700,0.2448,9825,yes
TernarQS_Random,800,0.2856,10717,yes
TernarQS_Random,900,0.3296,13188,yes
TernarQS_Random,1000,0.3552,14476,yes
TernarQS_Random,1100,0.3726,15518,yes
TernarQS_Random,1200,0.4554,17096,yes
TernarQS_Random,1300,0.4874,19488,yes
TernarQS_Random,1400,0.532,20904,yes
TernarQS_Random,1500,0.5736,22344,yes
TernarQS_Random,1600,0.6276,25849,yes
TernarQS_Random,1700,0.6704,26565,yes
TernarQS_Random,1800,0.7084,27496,yes
TernarQS_Random,1900,0.7752,30774,yes
TernarQS_Random,2000,0.8478,33875,yes
TernarQS_Random,2100,0.9306,36562,yes
TernarQS_Random,2200,0.9226,36791,yes
TernarQS_Random,2300,0.9772,38784,yes
TernarQS_Random,2400,0.9682,39127,yes
TernarQS_Random,2500,1.0194,40523,yes
TernarQS_Random,2600,1.076,42573,yes
TernarQS_Random,2700,1.2192,47454,yes
TernarQS_Random,2800,1.1746,46952,yes
TernarQS_Random,2900,1.1722,46028,yes
TernarQS_Random,3000,1.3606,53298,yes
TernarQS_Reverse,100,0.0462,1312,yes
TernarQS_Reverse,200,0.1342,3892,yes
TernarQS_Reverse,300,0.1408,4619,yes
TernarQS_Reverse,400,0.2316,7653,yes
TernarQS_Reverse,500,0.2828,9673,yes
TernarQS_Reverse,600,0.3708,12254,yes
TernarQS_Reverse,700,0.4748,15137,yes
TernarQS_Reverse,800,0.5738,18448,yes
TernarQS_Reverse,900,0.6456,21931,yes
TernarQS_Reverse,1000,0.8114,25354,yes
TernarQS_Reverse,1100,0.8926,29477,yes
TernarQS_Reverse,1200,1.0754,32949,yes
TernarQS_Reverse,1300,1.1844,36192,yes
TernarQS_Reverse,1400,1.3198,42367,yes
TernarQS_Reverse,1500,1.6394,48408,yes
TernarQS_Reverse,1600,1.7466,53622,yes
TernarQS_Reverse,1700,1.8474,57228,yes
TernarQS_Reverse,1800,2.0694,64081,yes
TernarQS_Reverse,1900,2.2078,68844,yes
TernarQS_Reverse,2000,2.4696,76391,yes
TernarQS_Reverse,2100,2.6052,81825,yes
TernarQS_Reverse,2200,2.9116,90256,yes
TernarQS_Reverse,2300,3.0106,96171,yes
TernarQS_Reverse,2400,3.353,104255,yes
TernarQS_Reverse,2500,3.6122,111453,yes
TernarQS_Reverse,2600,3.8696,119541,yes
TernarQS_Reverse,2700,4.1356,126185,yes
TernarQS_Reverse,2800,4.3282,134715,yes
TernarQS_Reverse,2900,4.5406,142845,yes
TernarQS_Reverse,3000,5.126,153412,yes
